algorithm_display,mean_evaluation_f1,mean_runtime,norm_f1,norm_runtime,edge_feasibility
HBOS | Baseline,0.22505398189515846,0.4242726900003618,0.07206172668103049,0.03745743799072584,1.9238295148494373
Isolation Forest | Baseline,0.31653102073221595,1.1757941600022606,0.5019085767605264,0.3804051690070263,1.3194052455997267
Matrix Profile | Baseline,0.42253139844733933,2.533548640002846,1.0,1.0,0.9999999989999999
Local Outlier Factor | Baseline,0.20971830275956185,0.34219001000165006,0.0,0.0,0.0
