algorithm_display,algorithm_variant,length_bucket,dataset_count,mean_roc_auc,mean_f1,mean_evaluation_f1,mean_range_f1,mean_runtime_seconds
DAMP | x_lag x8,x_lag x8,medium,84,0.8688665476386598,0.24544968453381732,0.20826579053176508,0.20826579053176508,5.240617540476835
DAMP | Baseline,Baseline,medium,84,0.8702008534771435,0.24140637683072366,0.20440562661777986,0.20440562661777986,5.301625613094767
DAMP | Start x2,Start x2,medium,84,0.8860348999642818,0.23714177949947202,0.202970356432348,0.202970356432348,5.803845030951336
DAMP | Start x2,Start x2,long,43,0.8025431243996702,0.11234029858040996,0.10117643398694426,0.10117643398694426,19.146762460460724
DAMP | x_lag x8,x_lag x8,long,43,0.8220970353335424,0.10795392236144173,0.09006288993563002,0.09006288993563002,17.27657748604272
DAMP | Baseline,Baseline,long,43,0.8211892691383693,0.10934067472876498,0.08628250357914949,0.08628250357914949,18.39508989302111
