algorithm_display,algorithm_variant,anomaly_ratio_bucket,dataset_count,mean_roc_auc,mean_f1,mean_evaluation_f1,mean_range_f1,mean_runtime_seconds
DAMP | Start x2,Start x2,sparse,93,0.8555172145421067,0.14768497087863638,0.12860025288895935,0.12860025288895935,10.561616046233379
DAMP | x_lag x8,x_lag x8,sparse,93,0.8587522238622216,0.1521228235320517,0.1285743467456546,0.1285743467456546,9.811794175268513
DAMP | Baseline,Baseline,sparse,93,0.8588426905080196,0.14977034311285883,0.12391581443534741,0.12391581443534741,9.909031345159747
DAMP | Start x2,Start x2,moderate,34,0.8639172056991048,0.3239952948588263,0.2776550906789006,0.2776550906789006,9.6648081205888
DAMP | x_lag x8,x_lag x8,moderate,34,0.8373825206412691,0.32683439923240715,0.27675342425160243,0.27675342425160243,7.959054323527037
DAMP | Baseline,Baseline,moderate,34,0.8392835308171797,0.32503361051828844,0.2751779278620478,0.2751779278620478,9.258397111765055
