algorithm_display,algorithm_variant,ablation_parameter,ablation_label,ablation_role,dataset_count,mean_baseline_evaluation_f1,mean_variant_evaluation_f1,mean_delta_evaluation_f1,delta_evaluation_f1_ci_low,delta_evaluation_f1_ci_high,mean_delta_roc_auc,delta_roc_auc_ci_low,delta_roc_auc_ci_high,mean_delta_runtime_seconds,median_runtime_ratio,mean_runtime_ratio,win_rate_evaluation_f1,loss_rate_evaluation_f1,mean_delta_evaluation_precision,mean_delta_evaluation_recall,mean_delta_range_f1
DAMP | Start x2,Start x2,start_index_multiplier,Start x2,score_driver,127,0.16441118338422783,0.16850469765162077,0.00409351426739292,-0.002863748791309068,0.012837970578334131,0.004159651032720876,-0.008306443834185072,0.01803476553789836,0.5866799330697249,1.0179962233407656,1.0943235799841369,0.14173228346456693,0.2047244094488189,0.006155339248910505,-0.00320044749551189,0.00409351426739292
DAMP | x_lag x8,x_lag x8,x_lag_multiplier,x_lag x8,score_driver,127,0.16441118338422783,0.16824433599921543,0.0038331526149875954,-0.004238495983465028,0.011436815850748966,-0.0005751790869305779,-0.005860765471016618,0.005931216429212662,-0.41906072125966315,0.9883932352444125,0.9847282886990828,0.1889763779527559,0.15748031496062992,0.0013302714017309131,0.0057804444974445725,0.0038331526149875954
