algorithm_display,algorithm_variant,param__start_index_multiplier,dataset_count,mean_roc_auc,mean_f1,mean_evaluation_f1,median_evaluation_f1,mean_range_f1,success_rate,mean_runtime_seconds
DAMP | Start x2,Start x2,2.0,127,0.8577660310723267,0.1948861599756951,0.16850469765162077,0.0764488286066584,0.16850469765162077,0.0,10.321525735430892
DAMP | x_lag x8,x_lag x8,1.0,127,0.8530312009526752,0.19889600127860355,0.16824433599921543,0.0704776820673453,0.16824433599921543,0.0,9.315785081101504
DAMP | Baseline,Baseline,1.0,127,0.8536063800396058,0.19669121785132032,0.16441118338422783,0.0519198624765314,0.16441118338422783,0.0,9.734845802361168
