algorithm_display,algorithm_superfamily,algorithm_category,roc_auc,average_precision,f1,range_f1,affiliation_precision,affiliation_recall,range_auc_roc,range_auc_pr,vus_roc,vus_pr
Matrix Profile | Baseline,Distance-based,Discord,0.7346108263676594,0.06453300310892748,0.0,0.0,0.34145202066463937,0.779473369239976,0.7177021323847952,0.06967803408003781,0.743080237850238,0.06843752869764219
Local Outlier Factor | Baseline,Distance-based,Proximity,0.375949986104282,0.02525201437667037,0.0,0.0,0.41475833884531793,0.6591861160981448,0.5012606364449677,0.038056885524637304,0.45612305188670327,0.03207543180165435
HBOS | Baseline,Density-based,Distribution,0.09872239562177994,0.018354014482379187,0.0,0.0,,0.0,0.2138077245968243,0.024639170311004925,0.1557015506237277,0.021880692858502183
Isolation Forest | Baseline,Density-based,Tree,0.07030498428714968,0.017978571485072207,0.0,0.0,0.6467470291527742,0.6499102333931778,0.18010511595882356,0.023592967608210436,0.12378725604484625,0.021231764427246506
