family,algorithm_display,algorithm_superfamily,algorithm_category,evaluation_mode,dataset_count,mean_roc_auc,mean_f1,mean_evaluation_f1,mean_range_f1,mean_affiliation_precision,mean_affiliation_recall,mean_runtime_seconds
InternalBleeding,Matrix Profile | Baseline,Distance-based,Discord,range,6,0.9404933718312135,0.5729502200051599,0.5738801687382381,0.5738801687382381,0.9298929972948943,0.9931943888524838,0.11916941667247254
InternalBleeding,Isolation Forest | Baseline,Density-based,Tree,range,6,0.7621153446802821,0.46629338157586114,0.41404521178037745,0.41404521178037745,0.8475014007602794,0.958554619950227,0.456135216668675
InternalBleeding,Local Outlier Factor | Baseline,Distance-based,Proximity,range,6,0.7862894556132631,0.419852394262207,0.34953050459926976,0.34953050459926976,0.8523197131546548,0.9936646709569898,0.18260386666709869
InternalBleeding,HBOS | Baseline,Density-based,Distribution,range,6,0.5166912827436025,0.06056914739019678,0.14584666977271551,0.14584666977271551,0.7138159356530241,0.3506312785286177,0.4916546166690144
WalkingAceleration,HBOS | Baseline,Density-based,Distribution,range,4,0.5394959990825436,0.3438649500788229,0.34386495007882295,0.34386495007882295,0.9936486541765899,0.5,0.3231997999973828
WalkingAceleration,Matrix Profile | Baseline,Distance-based,Discord,range,4,0.8632088013117201,0.23429908756961726,0.19550824301099118,0.19550824301099118,0.6567161330889976,0.8588709979054459,6.155117474998406
WalkingAceleration,Isolation Forest | Baseline,Density-based,Tree,range,4,0.5265853373453842,0.328769591064673,0.1702597341599737,0.1702597341599737,0.8057066162639464,0.8243566726511071,2.2552825750026386
WalkingAceleration,Local Outlier Factor | Baseline,Distance-based,Proximity,range,4,0.33225010763888563,0.0,0.0,0.0,0.5852773757365406,0.8222731727250527,0.5815692250034772
