algorithm_display,algorithm_variant,anomaly_ratio_bucket,dataset_count,mean_roc_auc,mean_f1,mean_evaluation_f1,mean_range_f1,mean_runtime_seconds
HBOS | Bins 20,Bins 20,sparse,93,0.5973582668908459,0.08989734109270076,0.06556162804198304,0.06556162804198304,0.6147447526846106
HBOS | Baseline,Baseline,sparse,93,0.6001128307106751,0.0820168798860687,0.06351179415034498,0.06351179415034498,0.6199002655930892
HBOS | Tol 0.2,Tol 0.2,sparse,93,0.6001128307106751,0.0820168798860687,0.06351179415034498,0.06351179415034498,0.6078914709677744
HBOS | Alpha 0.05,Alpha 0.05,sparse,93,0.599055745714713,0.08136789411122768,0.059574996267683186,0.059574996267683186,0.6156379903243574
HBOS | Alpha 0.05,Alpha 0.05,moderate,34,0.5141172394360929,0.11765704270201655,0.14732753205910917,0.14732753205910917,0.7632515058820204
HBOS | Bins 20,Bins 20,moderate,34,0.515760285664705,0.11739386970141108,0.1464654361549223,0.1464654361549223,0.7527905058797093
HBOS | Baseline,Baseline,moderate,34,0.516506660930728,0.1150461564961374,0.14524514304856317,0.14524514304856317,0.7549133205868523
HBOS | Tol 0.2,Tol 0.2,moderate,34,0.516506660930728,0.1150461564961374,0.14524514304856317,0.14524514304856317,0.7648004441195072
