algorithm_display,algorithm_variant,ablation_parameter,ablation_label,ablation_role,dataset_count,mean_baseline_evaluation_f1,mean_variant_evaluation_f1,mean_delta_evaluation_f1,delta_evaluation_f1_ci_low,delta_evaluation_f1_ci_high,mean_delta_roc_auc,delta_roc_auc_ci_low,delta_roc_auc_ci_high,mean_delta_runtime_seconds,median_runtime_ratio,mean_runtime_ratio,win_rate_evaluation_f1,loss_rate_evaluation_f1,mean_delta_evaluation_precision,mean_delta_evaluation_recall,mean_delta_range_f1
HBOS | Bins 20,Bins 20,n_bins,Bins 20,score_driver,127,0.08539316314671837,0.08722091525332108,0.001827752106602745,-0.008352439395810728,0.01425008135616219,-0.0022169385377078846,-0.022188452628383572,0.014404083057336304,-0.004343609453002953,0.9992390994473717,0.9972525243264532,0.14960629921259844,0.18110236220472442,-0.00281401504432119,0.01342178086111445,0.001827752106602745
HBOS | Tol 0.2,Tol 0.2,tol,Tol 0.2,score_driver,127,0.08539316314671837,0.08539316314671837,0.0,0.0,0.0,0.0,0.0,0.0,-0.006146895275937089,0.9951113709151996,0.9938783307720434,0.0,0.0,0.0,0.0,0.0
HBOS | Alpha 0.05,Alpha 0.05,alpha,Alpha 0.05,score_driver,127,0.08539316314671837,0.0830678011252303,-0.002325362021488062,-0.006110735041885785,0.0009446599831047994,-0.001413773507417903,-0.003609168563492203,0.0006848564292927551,-0.0008889236217034725,0.997538405999022,0.9999612023775161,0.14960629921259844,0.15748031496062992,-0.007191458380684811,0.00729565900041171,-0.002325362021488062
