algorithm_display,algorithm_variant,param__alpha,param__n_bins,param__tol,dataset_count,mean_roc_auc,mean_f1,mean_evaluation_f1,median_evaluation_f1,mean_range_f1,success_rate,mean_runtime_seconds
HBOS | Bins 20,Bins 20,0.1,20.0,0.5,127,0.5755131380586507,0.097258616468261,0.0872209152533211,0.0,0.0872209152533211,0.0,0.6517018834612512
HBOS | Tol 0.2,Tol 0.2,0.1,10.0,0.2,127,0.5777300765963586,0.09085936338797686,0.08539316314671837,0.0,0.08539316314671837,0.0,0.649898597638317
HBOS | Baseline,Baseline,0.1,10.0,0.5,127,0.5777300765963586,0.09085936338797686,0.08539316314671837,0.0,0.08539316314671837,0.0,0.6560454929142542
HBOS | Alpha 0.05,Alpha 0.05,0.05,10.0,0.5,127,0.5763163030889407,0.09108309924576959,0.0830678011252303,0.0,0.0830678011252303,0.0,0.6551565692925506
