algorithm_display,algorithm_variant,length_bucket,dataset_count,mean_roc_auc,mean_f1,mean_evaluation_f1,mean_range_f1,mean_runtime_seconds
HBOS | Bins 20,Bins 20,medium,84,0.6084743424233492,0.09274129057797335,0.10722560436945236,0.10722560436945236,0.37300274047447596
HBOS | Baseline,Baseline,medium,84,0.6130551287670019,0.08580667994862853,0.10202053016689264,0.10202053016689264,0.372750859525002
HBOS | Tol 0.2,Tol 0.2,medium,84,0.6130551287670019,0.08580667994862853,0.10202053016689264,0.10202053016689264,0.3705097726179658
HBOS | Alpha 0.05,Alpha 0.05,medium,84,0.6111427735363617,0.0856297038574635,0.10115574908396129,0.10115574908396129,0.3705147690485492
HBOS | Baseline,Baseline,long,43,0.5087229979374275,0.10072972173461078,0.05291179501428489,0.05291179501428489,1.209458265116514
HBOS | Tol 0.2,Tol 0.2,long,43,0.5087229979374275,0.10072972173461078,0.05291179501428489,0.05291179501428489,1.1956814186083056
HBOS | Bins 20,Bins 20,long,43,0.5111238086020304,0.10608316006789272,0.048141987677622816,0.048141987677622816,1.1961374185982074
HBOS | Alpha 0.05,Alpha 0.05,long,43,0.5082831980288625,0.1017362437252512,0.04773320511282557,0.04773320511282557,1.2112010162808327
