comparison_dataset,variant_index,algorithm_display,algorithm_variant,window_size,window_stride,roc_auc,average_precision,evaluation_precision,evaluation_recall,evaluation_f1,range_f1,runtime_seconds
133_UCR_Anomaly_InternalBleeding14_2800_5607_5634,1,HBOS | Baseline,Baseline,154,1,0.9402276767792626,0.0295855196275029,0.0,0.0,0.0,0.0,0.3926843000226654
133_UCR_Anomaly_InternalBleeding14_2800_5607_5634,2,HBOS | Bins 20,Bins 20,154,1,0.9746277073655636,0.1123941635449724,0.3333333333333333,0.3714285714285714,0.3513513513513513,0.3513513513513513,0.3935811000119429
133_UCR_Anomaly_InternalBleeding14_2800_5607_5634,3,HBOS | Alpha 0.05,Alpha 0.05,154,1,0.9323469251209112,0.0262661420237876,0.0,0.0,0.0,0.0,0.4003871000022627
133_UCR_Anomaly_InternalBleeding14_2800_5607_5634,4,HBOS | Tol 0.2,Tol 0.2,154,1,0.9402276767792626,0.0295855196275029,0.0,0.0,0.0,0.0,0.3870007999939844
