algorithm_display,algorithm_variant,length_bucket,dataset_count,mean_roc_auc,mean_f1,mean_evaluation_f1,mean_range_f1,mean_runtime_seconds
Isolation Forest | Wide Sample,Wide Sample,medium,84,0.7453334473837049,0.18614477974026652,0.16589548776756655,0.16589548776756655,1.0099607749995942
Isolation Forest | Feat 0.6,Feat 0.6,medium,84,0.7479193637369446,0.18700269609767972,0.16208052276248838,0.16208052276248838,3.1939185226191986
Isolation Forest | Baseline,Baseline,medium,84,0.738887476139947,0.18319539822544106,0.15529145141818473,0.15529145141818473,0.526351072616221
Isolation Forest | Feat 0.6,Feat 0.6,long,66,0.5006699874085622,0.08735906441142494,0.024906648732758774,0.024906648732758774,16.90985593030046
Isolation Forest | Wide Sample,Wide Sample,long,66,0.49374935859692476,0.086272213565656,0.02458749372169357,0.02458749372169357,2.0870331333249905
Isolation Forest | Baseline,Baseline,long,66,0.48835188864370743,0.08680116105211073,0.019929271338039185,0.019929271338039185,1.0534309348476008
