algorithm_display,algorithm_variant,variant,dataset_count,mean_roc_auc,mean_f1,mean_evaluation_f1,mean_range_f1,mean_runtime_seconds
Isolation Forest | Feat 0.6,Feat 0.6,distorted,65,0.6068482650294935,0.12217847275078993,0.09373776514387182,0.09373776514387182,9.363250707689888
Isolation Forest | Wide Sample,Wide Sample,distorted,65,0.6023634776201561,0.11716154713313941,0.08324122844759213,0.08324122844759213,1.4804985215350126
Isolation Forest | Baseline,Baseline,distorted,65,0.5964944920575519,0.11570204742923049,0.07597132534994602,0.07597132534994602,0.7693724676877117
Isolation Forest | Feat 0.6,Feat 0.6,noise,12,0.7329756528718127,0.1909727998960359,0.1437409233938611,0.1437409233938611,5.140667974997389
Isolation Forest | Wide Sample,Wide Sample,noise,12,0.7374060387950823,0.19029932129064867,0.1305174699573832,0.1305174699573832,1.3562344499950996
Isolation Forest | Baseline,Baseline,noise,12,0.7244574583395987,0.18399592589699376,0.11932716778541624,0.11932716778541624,0.6921400750046208
Isolation Forest | Wide Sample,Wide Sample,raw,73,0.6464790237914673,0.15658952293662795,0.11754939821267504,0.11754939821267504,1.5078585561602504
Isolation Forest | Baseline,Baseline,raw,73,0.6415361803071806,0.15600966968099247,0.10944865296255639,0.10944865296255639,0.7592471301362671
Isolation Forest | Feat 0.6,Feat 0.6,raw,73,0.6524465844039674,0.15398151227130638,0.10192817689497399,0.10192817689497399,9.781374460274405
