algorithm_display,algorithm_variant,ablation_parameter,ablation_label,ablation_role,dataset_count,mean_baseline_evaluation_f1,mean_variant_evaluation_f1,mean_delta_evaluation_f1,delta_evaluation_f1_ci_low,delta_evaluation_f1_ci_high,mean_delta_roc_auc,delta_roc_auc_ci_low,delta_roc_auc_ci_high,mean_delta_runtime_seconds,median_runtime_ratio,mean_runtime_ratio,win_rate_evaluation_f1,loss_rate_evaluation_f1,mean_delta_evaluation_precision,mean_delta_evaluation_recall,mean_delta_range_f1
Isolation Forest | Trees 400,Trees 400,n_estimators,Trees 400,score_driver,128,0.11011739981617927,0.11826929840198899,0.008151898585809718,0.0003416968394386776,0.01593134902970328,0.006724729562834561,0.0010450211072489412,0.013274346955793047,0.5761290421862668,1.9674535392057293,1.9504761680650635,0.25,0.1640625,0.005873278831501863,0.015836887172124357,0.008151898585809718
Isolation Forest | Seed 7,Seed 7,random_state,Seed 7,stability,128,0.11011739981617927,0.1169892546343099,0.006871854818130624,-0.0056336445055396814,0.020429505789587986,0.015095212032498985,0.00833712076050375,0.02306948468725057,-0.006193968752313596,1.0068227783512966,1.0005473887797662,0.234375,0.203125,-0.009113841787505253,0.000500515480640569,0.006871854818130624
Isolation Forest | Max feat 0.6,Max feat 0.6,max_features,Max feat 0.6,score_driver,128,0.11011739981617927,0.11687023564929692,0.006752835833117655,-0.005520128534944832,0.018863751642085324,0.00609130032515264,-0.002397226790596922,0.015389361602546059,2.4965703679683884,2.7247438443969356,4.016570718572031,0.2578125,0.171875,-0.005232179612037443,-0.0026321973847151063,0.006752835833117655
Isolation Forest | Max samples auto,Max samples auto,max_samples,Max samples auto,score_driver,128,0.11011739981617927,0.11011739981617927,0.0,0.0,0.0,0.0,0.0,0.0,-0.003961128124728928,1.0031511039889178,1.000394990766294,0.0,0.0,0.0,0.0,0.0
Isolation Forest | Bootstrap on,Bootstrap on,bootstrap,Bootstrap on,score_driver,128,0.11011739981617927,0.10884853502678887,-0.001268864789390391,-0.013966584759859617,0.010165635487633102,0.00182571243482271,-0.004169217794407964,0.007619942566230956,-0.06246871171879321,0.921648625799409,0.912270604210727,0.1875,0.2109375,-0.01275255953673468,0.008401763513146091,-0.001268864789390391
