comparison_dataset,variant_index,algorithm_display,algorithm_variant,window_size,window_stride,roc_auc,average_precision,evaluation_precision,evaluation_recall,evaluation_f1,range_f1,runtime_seconds
141_UCR_Anomaly_InternalBleeding5_4000_6200_6370,1,Isolation Forest | Baseline,Baseline,173,1,0.9068299314455843,0.7203812234952915,1.0,0.7146198830409356,0.8335607094133697,0.8335607094133697,0.47215890005463734
141_UCR_Anomaly_InternalBleeding5_4000_6200_6370,2,Isolation Forest | Wide Sample,Wide Sample,173,1,0.9168442687798088,0.7316507518458382,0.9734513274336283,0.7146198830409356,0.8241923319823657,0.8241923319823657,0.9521919999970123
141_UCR_Anomaly_InternalBleeding5_4000_6200_6370,3,Isolation Forest | Feat 0.6,Feat 0.6,173,1,0.8979901899050959,0.7113339019029382,0.18974358974358974,0.7192982456140351,0.30027711797308,0.30027711797308,2.9843433999922127
