algorithm_display,algorithm_variant,anomaly_ratio_bucket,dataset_count,mean_roc_auc,mean_f1,mean_evaluation_f1,mean_range_f1,mean_runtime_seconds
Isolation Forest | Feat 0.6,Feat 0.6,sparse,114,0.6582185976435679,0.09742689482762133,0.057682269388050204,0.057682269388050204,9.36237435964939
Isolation Forest | Wide Sample,Wide Sample,sparse,114,0.652549870524364,0.09686753458120444,0.05687008623219445,0.05687008623219445,1.5357659789432339
Isolation Forest | Baseline,Baseline,sparse,114,0.6446212834023844,0.0971655292113022,0.05108340448725661,0.05108340448725661,0.7737121833304531
Isolation Forest | Wide Sample,Wide Sample,moderate,36,0.5779106113291874,0.2857563514238438,0.2520779368788111,0.2520779368788111,1.3195436194412953
Isolation Forest | Feat 0.6,Feat 0.6,moderate,36,0.5786812664306029,0.28797940869473077,0.24118955606037165,0.24118955606037165,8.806360286105903
Isolation Forest | Baseline,Baseline,moderate,36,0.5780818427324562,0.27890054861910857,0.23711960321919026,0.23711960321919026,0.7093539694453486
