algorithm_display,algorithm_variant,param__n_estimators,param__max_samples,param__max_features,param__bootstrap,param__random_state,dataset_count,mean_roc_auc,mean_f1,mean_evaluation_f1,median_evaluation_f1,mean_range_f1,success_rate,mean_runtime_seconds
Isolation Forest | Trees 400,Trees 400,400.0,256,1.0,False,42.0,128,0.6398888766524179,0.1497961127116334,0.11826929840198899,0.0,0.11826929840198899,0.0,1.1952110140616696
Isolation Forest | Seed 7,Seed 7,200.0,256,1.0,False,7.0,128,0.6482593591220823,0.148434006461519,0.1169892546343099,0.0,0.1169892546343099,0.0,0.6128880031230892
Isolation Forest | Max feat 0.6,Max feat 0.6,200.0,256,0.6,False,42.0,128,0.639255447414736,0.14923146600683831,0.11687023564929692,0.0,0.11687023564929692,0.0,3.115652339843791
Isolation Forest | Max samples auto,Max samples auto,200.0,auto,1.0,False,42.0,128,0.6331641470895834,0.14718332871178702,0.11011739981617928,0.0,0.11011739981617928,0.0,0.6151208437506739
Isolation Forest | Baseline,Baseline,200.0,256,1.0,False,42.0,128,0.6331641470895834,0.14718332871178702,0.11011739981617928,0.0,0.11011739981617928,0.0,0.6190819718754028
Isolation Forest | Bootstrap on,Bootstrap on,200.0,256,1.0,True,42.0,128,0.6349898595244061,0.1482659025204238,0.10884853502678889,0.0,0.10884853502678889,0.0,0.5566132601566096
