algorithm_display,algorithm_variant,param__n_neighbors,param__algorithm,param__leaf_size,param__metric,param__p,dataset_count,mean_roc_auc,mean_f1,mean_evaluation_f1,median_evaluation_f1,mean_range_f1,success_rate,mean_runtime_seconds
Local Outlier Factor | Search brute,Search brute,20.0,brute,30.0,minkowski,2.0,128,0.8072002573580167,0.2313290112302801,0.1379308913084806,0.07203300413984835,0.1379308913084806,0.0,0.6289376992194775
Local Outlier Factor | Leaf size 60,Leaf size 60,20.0,auto,60.0,minkowski,2.0,128,0.8072002573580167,0.2313290112302801,0.1379308913084806,0.07203300413984835,0.1379308913084806,0.0,0.6340910296860329
Local Outlier Factor | Baseline,Baseline,20.0,auto,30.0,minkowski,2.0,128,0.8072002573580167,0.2313290112302801,0.1379308913084806,0.07203300413984835,0.1379308913084806,0.0,0.6602153687499595
Local Outlier Factor | p = 1,p = 1,20.0,auto,30.0,minkowski,1.0,127,0.7957793137615398,0.20428272145785112,0.1275286198221836,0.0655205968212779,0.1275286198221836,0.0,6.643228160629441
Local Outlier Factor | Metric manhattan,Metric manhattan,20.0,auto,30.0,manhattan,2.0,127,0.7957793137615398,0.20428272145785112,0.1275286198221836,0.0655205968212779,0.1275286198221836,0.0,6.652506292911978
Local Outlier Factor | Neighbors 10,Neighbors 10,10.0,auto,30.0,minkowski,2.0,128,0.7234247968373555,0.182047621492667,0.10191949153900011,0.05756730357659795,0.10191949153900011,0.0,0.624910499218231
