algorithm_display,algorithm_variant,param__n_neighbors,param__metric,param__p,dataset_count,mean_roc_auc,mean_f1,mean_evaluation_f1,median_evaluation_f1,mean_range_f1,success_rate,mean_runtime_seconds
Local Outlier Factor | Global L1,Global L1,50.0,manhattan,1.0,150,0.8672284976771862,0.2845480924904742,0.16801406241092415,0.0903334759024284,0.16801406241092415,1.0,15.442985935330702
Local Outlier Factor | Baseline,Baseline,20.0,minkowski,2.0,150,0.808494453565499,0.23827934023565292,0.12704041966814195,0.06521409507474538,0.12704041966814195,1.0,1.342957664001345
Local Outlier Factor | Local k10,Local k10,10.0,minkowski,2.0,150,0.7318873500067185,0.19132905812027942,0.09688513716229345,0.05479528535980149,0.09688513716229345,1.0,1.3152693966651956
