algorithm_display,algorithm_variant,variant,dataset_count,mean_roc_auc,mean_f1,mean_evaluation_f1,mean_range_f1,mean_runtime_seconds
Local Outlier Factor | Global L1,Global L1,distorted,65,0.8567494204602797,0.27536233188200354,0.15948497638040937,0.15948497638040937,15.385498287688153
Local Outlier Factor | Baseline,Baseline,distorted,65,0.7898618500464497,0.22635183143246995,0.11728857929177448,0.11728857929177448,1.3298797676939733
Local Outlier Factor | Local k10,Local k10,distorted,65,0.7104522782196256,0.18359936740040791,0.09007153871173015,0.09007153871173015,1.2880697584603555
Local Outlier Factor | Global L1,Global L1,noise,12,0.8816996368483231,0.3216595222954822,0.21065846917260525,0.21065846917260525,6.567994741674435
Local Outlier Factor | Baseline,Baseline,noise,12,0.8820139986181963,0.31962699933771016,0.19985071661354156,0.19985071661354156,0.8148203583211094
Local Outlier Factor | Local k10,Local k10,noise,12,0.7825205502766189,0.2539191768917447,0.12996706808593206,0.12996706808593206,0.7993290249917967
Local Outlier Factor | Global L1,Global L1,raw,73,0.874180365472327,0.28662668539308367,0.16859841461425684,0.16859841461425684,16.95307622876414
Local Outlier Factor | Baseline,Baseline,raw,73,0.8129997232655788,0.23552750685184748,0.12375474927251304,0.12375474927251304,1.4414194575375368
Local Outlier Factor | Local k10,Local k10,raw,73,0.7426501070330506,0.18792287279882824,0.09751391426096398,0.09751391426096398,1.4243003684925297
