algorithm_display,algorithm_variant,length_bucket,dataset_count,mean_roc_auc,mean_f1,mean_evaluation_f1,mean_range_f1,mean_runtime_seconds
Local Outlier Factor | Global L1,Global L1,medium,84,0.8935320428122241,0.30195837614968474,0.23924726767761909,0.23924726767761909,2.317799482141189
Local Outlier Factor | Baseline,Baseline,medium,84,0.8229060093980541,0.22096197497375736,0.16784400293818297,0.16784400293818297,0.2372874369071464
Local Outlier Factor | Local k10,Local k10,medium,84,0.7467856392674723,0.1770782362764911,0.11543151916875408,0.11543151916875408,0.22179410476140524
Local Outlier Factor | Global L1,Global L1,long,66,0.8337512584144108,0.262389549651479,0.07735361934422151,0.07735361934422151,32.14776869393553
Local Outlier Factor | Baseline,Baseline,long,66,0.7901524734149741,0.26031962329624725,0.07510858641536247,0.07510858641536247,2.7501743166666888
Local Outlier Factor | Local k10,Local k10,long,66,0.7129258909475773,0.2094664677396464,0.07328065097225261,0.07328065097225261,2.7069652227245653
