algorithm_display,algorithm_variant,anomaly_ratio_bucket,dataset_count,mean_roc_auc,mean_f1,mean_evaluation_f1,mean_range_f1,mean_runtime_seconds
Local Outlier Factor | Global L1,Global L1,sparse,114,0.8999288931647212,0.2609799255383605,0.1274979954281787,0.1274979954281787,16.6395032464883
Local Outlier Factor | Baseline,Baseline,sparse,114,0.847044504416382,0.23116297349657533,0.09384898472070048,0.09384898472070048,1.4738470605271257
Local Outlier Factor | Local k10,Local k10,sparse,114,0.767611429995441,0.18423658865802262,0.07873398994030838,0.07873398994030838,1.451799057893304
Local Outlier Factor | Global L1,Global L1,moderate,36,0.7636772452999918,0.35918062117216737,0.2963149411896181,0.2963149411896181,11.654014449998309
Local Outlier Factor | Baseline,Baseline,moderate,36,0.6864192925377024,0.2608145015760652,0.23214663033503996,0.23214663033503996,0.9284745750030399
Local Outlier Factor | Local k10,Local k10,moderate,36,0.6187610967090974,0.21378854475075937,0.15436377003191282,0.15436377003191282,0.8829254694428528
