algorithm_display,algorithm_variant,ablation_parameter,ablation_label,ablation_role,dataset_count,mean_baseline_evaluation_f1,mean_variant_evaluation_f1,mean_delta_evaluation_f1,delta_evaluation_f1_ci_low,delta_evaluation_f1_ci_high,mean_delta_roc_auc,delta_roc_auc_ci_low,delta_roc_auc_ci_high,mean_delta_runtime_seconds,median_runtime_ratio,mean_runtime_ratio,win_rate_evaluation_f1,loss_rate_evaluation_f1,mean_delta_evaluation_precision,mean_delta_evaluation_recall,mean_delta_range_f1
Matrix Profile | Subseq x1,Subseq x1,subsequence_multiplier,Subseq x1,score_driver,127,0.24641327352698378,0.2645536442191538,0.018140370692169915,-0.00904200609825167,0.04343556893335476,-0.011557138595904232,-0.029111122089248622,0.005417047641912701,-0.01181546771347956,0.9463831707557884,0.9512940517846897,0.4881889763779528,0.3937007874015748,0.024071318540675964,-0.02873661598268155,0.018140370692169915
Matrix Profile | Subseq x4,Subseq x4,subsequence_multiplier,Subseq x4,score_driver,127,0.24641327352698378,0.18556354763673216,-0.060849725890251595,-0.08887980538388571,-0.03300332790526362,-0.015643779523686303,-0.03539830305062106,0.0033168107293325756,0.0032184165359317005,0.9885340629226803,0.992605856502637,0.29133858267716534,0.5275590551181102,-0.05687433693990736,-0.07812375642943574,-0.060849725890251595
