algorithm_display,algorithm_variant,length_bucket,dataset_count,mean_roc_auc,mean_f1,mean_evaluation_f1,mean_range_f1,mean_runtime_seconds
Matrix Profile | Subseq x1,Subseq x1,medium,84,0.9533003580760813,0.3612924494633508,0.29180168060696293,0.29180168060696293,0.08161252619244065
Matrix Profile | Baseline,Baseline,medium,84,0.951042981903675,0.313814996049589,0.27596426351849124,0.27596426351849124,0.08862695952259288
Matrix Profile | Subseq x4,Subseq x4,medium,84,0.915280060019662,0.24539147289472657,0.20156824286943273,0.20156824286943273,0.08558576190400687
Matrix Profile | Subseq x1,Subseq x1,long,43,0.8517907672154054,0.3323772582424437,0.21132492197320082,0.21132492197320082,0.5635127674430869
Matrix Profile | Baseline,Baseline,long,43,0.8903343997773117,0.3179389846818359,0.18868575819473668,0.18868575819473668,0.5847069999984151
Matrix Profile | Subseq x4,Subseq x4,long,43,0.9139931309110079,0.2111612770298445,0.15429856160075903,0.15429856160075903,0.6001534999989862
