algorithm_display,algorithm_variant,param__subsequence_multiplier,dataset_count,mean_roc_auc,mean_f1,mean_evaluation_f1,median_evaluation_f1,mean_range_f1,success_rate,mean_runtime_seconds
Matrix Profile | Subseq x1,Subseq x1,1.0,127,0.9189309690445139,0.3515022666090279,0.2645536442191537,0.1374678763612614,0.2645536442191537,0.0,0.24477560000171456
Matrix Profile | Baseline,Baseline,2.0,127,0.9304881076404181,0.3152113071612946,0.24641327352698378,0.1661721068249258,0.24641327352698378,0.0,0.25659106771519413
Matrix Profile | Subseq x4,Subseq x4,4.0,127,0.9148443281167318,0.23380172153890036,0.18556354763673216,0.0923466160657811,0.18556354763673216,0.0,0.2598094842511258
