algorithm_display,algorithm_variant,variant,dataset_count,mean_roc_auc,mean_f1,mean_evaluation_f1,mean_range_f1,mean_runtime_seconds
Matrix Profile | Subseq x1,Subseq x1,distorted,56,0.9233423349882556,0.35063521674994974,0.25552300457975774,0.25552300457975774,0.23021864107483578
Matrix Profile | Baseline,Baseline,distorted,56,0.9300990668035244,0.3142714806325507,0.2390339919416391,0.2390339919416391,0.238318887497631
Matrix Profile | Subseq x4,Subseq x4,distorted,56,0.9205793960025409,0.2416555099161175,0.18955639534973284,0.18955639534973284,0.2402325339301439
Matrix Profile | Subseq x1,Subseq x1,noise,11,0.7998429177374088,0.30836086749169495,0.2595316095118194,0.2595316095118194,0.23886501818461425
Matrix Profile | Baseline,Baseline,noise,11,0.8490839886682761,0.28747738157230096,0.25391451614906163,0.25391451614906163,0.24536971817988987
Matrix Profile | Subseq x4,Subseq x4,noise,11,0.8213227787973213,0.22714454076799687,0.1957543676592051,0.1957543676592051,0.24411647272592576
Matrix Profile | Subseq x1,Subseq x1,raw,60,0.936646503569991,0.36022076964901195,0.2739029475789346,0.2739029475789346,0.25944570166660313
Matrix Profile | Baseline,Baseline,raw,60,0.9457753008997452,0.3211730316127711,0.2519253751925912,0.2519253751925912,0.2757023499997254
Matrix Profile | Subseq x4,Subseq x4,raw,60,0.9266372154652021,0.22769200219483,0.17996857276714484,0.17996857276714484,0.28095835666366226
