algorithm_display,algorithm_variant,variant,dataset_count,mean_roc_auc,mean_f1,mean_evaluation_f1,mean_range_f1,mean_runtime_seconds
Matrix Profile | Context x1,Context x1,distorted,65,0.9251236702898668,0.3444991937281795,0.22575941760648793,0.22575941760648793,0.8567980599992622
Matrix Profile | Context x2,Context x2,distorted,65,0.9387513189452248,0.322521593197875,0.22072230578075097,0.22072230578075097,0.5012708984655686
Matrix Profile | Context x4,Context x4,distorted,65,0.9299038937953922,0.24595460230920885,0.17596241041471514,0.17596241041471514,0.5050676876929804
Matrix Profile | Context x1,Context x1,noise,12,0.8006667712491987,0.2826641285340537,0.23790397538583452,0.23790397538583452,0.39359134166928317
Matrix Profile | Context x2,Context x2,noise,12,0.8571246173317616,0.27804579770666243,0.23582365840957423,0.23582365840957423,0.41281341667248245
Matrix Profile | Context x4,Context x4,noise,12,0.8357724009054089,0.24179791858956926,0.1917562459633905,0.1917562459633905,0.4338021249859594
Matrix Profile | Context x1,Context x1,raw,73,0.9428915362943193,0.3491514378792511,0.23523963226033764,0.23523963226033764,0.5408656000022534
Matrix Profile | Context x2,Context x2,raw,73,0.9550626055415147,0.3274174687884119,0.22047203241026148,0.22047203241026148,0.5455553520579299
Matrix Profile | Context x4,Context x4,raw,73,0.9379803171886046,0.22343143105120403,0.16039214368092597,0.16039214368092597,0.554579563014694
