algorithm_display,algorithm_variant,anomaly_ratio_bucket,dataset_count,mean_roc_auc,mean_f1,mean_evaluation_f1,mean_range_f1,mean_runtime_seconds
Matrix Profile | Subseq x1,Subseq x1,sparse,93,0.9203205302508841,0.297525097626833,0.21860746950252732,0.21860746950252732,0.2597380129038982
Matrix Profile | Baseline,Baseline,sparse,93,0.9401279437028917,0.254595224824515,0.18489182912978247,0.18489182912978247,0.27194124408365444
Matrix Profile | Subseq x4,Subseq x4,sparse,93,0.9310472093886285,0.18180517807290766,0.13183212142074544,0.13183212142074544,0.26742328279614147
Matrix Profile | Baseline,Baseline,moderate,34,0.9041203207636522,0.48101412061189774,0.41469251849579913,0.41469251849579913,0.2146038205896997
Matrix Profile | Subseq x1,Subseq x1,moderate,34,0.9151301104506189,0.49914569941326703,0.39022994564992575,0.39022994564992575,0.20384900000456527
Matrix Profile | Subseq x4,Subseq x4,moderate,34,0.8705246822847795,0.3760275610194098,0.3325348016981077,0.3325348016981077,0.23898350587799488
