algorithm_display,algorithm_variant,param__subsequence_multiplier,dataset_count,mean_roc_auc,mean_f1,mean_evaluation_f1,median_evaluation_f1,mean_range_f1,success_rate,mean_runtime_seconds
Matrix Profile | Context x1,Context x1,1.0,150,0.9238141464887801,0.34181648066617093,0.23134468669370917,0.10606163675273927,0.23134468669370917,1.0,0.6659877253343196
Matrix Profile | Context x2,Context x2,2.0,150,0.9401593422930087,0.3213461890126393,0.22180861428408524,0.13902790696997355,0.22180861428408524,1.0,0.515746067337071
Matrix Profile | Context x4,Context x4,4.0,150,0.9263039004155568,0.23466079093274197,0.1696483874481651,0.08055879507818406,0.1696483874481651,1.0,0.5234622219996526
