algorithm_display,algorithm_variant,length_bucket,dataset_count,mean_roc_auc,mean_f1,mean_evaluation_f1,mean_range_f1,mean_runtime_seconds
Matrix Profile | Context x1,Context x1,medium,84,0.9533003580760813,0.3612924494633508,0.29180168060696293,0.29180168060696293,0.40444773095562897
Matrix Profile | Context x2,Context x2,medium,84,0.951042981903675,0.313814996049589,0.27596426351849124,0.27596426351849124,0.12969773571932733
Matrix Profile | Context x4,Context x4,medium,84,0.915280060019662,0.24539147289472657,0.20156824286943273,0.20156824286943273,0.13172848690356614
Matrix Profile | Context x1,Context x1,long,66,0.8862862408322151,0.3170288840152148,0.1543994217132044,0.1543994217132044,0.9988568090890168
Matrix Profile | Context x2,Context x2,long,66,0.926307437333979,0.3309313436928851,0.15288324253120492,0.15288324253120492,1.0070803075778354
Matrix Profile | Context x4,Context x4,long,66,0.9403342427376048,0.22100355934476162,0.1290231169120063,0.1290231169120063,1.022032430303763
