algorithm_display,algorithm_variant,variant,dataset_count,mean_roc_auc,mean_f1,mean_evaluation_f1,mean_range_f1,mean_runtime_seconds
OCSVM | Warmup 0.20,Warmup 0.20,distorted,65,0.7288879878020883,0.2612194609603646,0.16589794694794854,0.16589794694794854,0.9813248676928477
OCSVM | Baseline,Baseline,distorted,65,0.7314687301231421,0.25216988852090755,0.15406050033433644,0.15406050033433644,0.5508962476921554
OCSVM | Nu 0.10,Nu 0.10,distorted,65,0.7349969616142896,0.24000502456268163,0.14597785037632144,0.14597785037632144,0.8461282615343897
OCSVM | Warmup 0.20,Warmup 0.20,noise,12,0.7207532730688263,0.27455214452805027,0.186309427491837,0.186309427491837,0.6031944416705907
OCSVM | Nu 0.10,Nu 0.10,noise,12,0.7583251798592819,0.2684330365183381,0.1798407019073952,0.1798407019073952,0.5396458416556319
OCSVM | Baseline,Baseline,noise,12,0.7550404682985504,0.27003342333637487,0.17773315389521946,0.17773315389521946,0.35066230000423576
OCSVM | Warmup 0.20,Warmup 0.20,raw,73,0.7690773586448066,0.26013159266249897,0.16078329268103178,0.16078329268103178,1.070804528766854
OCSVM | Baseline,Baseline,raw,73,0.7766759823767254,0.2606996489623008,0.1574432865959988,0.1574432865959988,0.6130518575369585
OCSVM | Nu 0.10,Nu 0.10,raw,73,0.7817738259095259,0.2525622563749383,0.15306053009947976,0.15306053009947976,0.9640354945233461
