algorithm_display,algorithm_variant,ablation_parameter,ablation_label,ablation_role,dataset_count,mean_baseline_evaluation_f1,mean_variant_evaluation_f1,mean_delta_evaluation_f1,delta_evaluation_f1_ci_low,delta_evaluation_f1_ci_high,mean_delta_roc_auc,delta_roc_auc_ci_low,delta_roc_auc_ci_high,mean_delta_runtime_seconds,median_runtime_ratio,mean_runtime_ratio,win_rate_evaluation_f1,loss_rate_evaluation_f1,mean_delta_evaluation_precision,mean_delta_evaluation_recall,mean_delta_range_f1
OCSVM | Gamma 0.1,Gamma 0.1,gamma,Gamma 0.1,score_driver,127,0.1785924184978981,0.24316792752330918,0.06457550902541105,0.03550411878909289,0.09392504843309547,-0.02540197616366324,-0.057624289238616636,0.0056718231267426766,-0.014259903938289527,0.9230519608105707,1.048181714926126,0.4094488188976378,0.2992125984251969,0.05271640358131653,0.005221071031576034,0.06457550902541105
OCSVM | Train frac 0.20,Train frac 0.20,train_fraction,Train frac 0.20,score_driver,127,0.1785924184978981,0.18542595631454645,0.0068335378166483685,-0.0024432984425143143,0.01860337950065043,-0.004895411091954448,-0.013977691217432444,0.002218616602811374,0.2123732503907348,1.5941948397908177,1.6005140949220729,0.3464566929133858,0.2992125984251969,0.010806465572227482,0.011978778838307811,0.0068335378166483685
OCSVM | Nu 0.10,Nu 0.10,nu,Nu 0.10,score_driver,127,0.1785924184978981,0.17448704704227466,-0.004105371455623435,-0.011508621754723653,0.0037004833920562335,0.003292983036055998,-0.002421788114069917,0.010412764427325905,0.14524397716649412,1.4328095458027246,1.4315657602464102,0.1732283464566929,0.3543307086614173,-0.0036998615123662393,-0.0029550721278281036,-0.004105371455623435
OCSVM | Kernel linear,Kernel linear,kernel,Kernel linear,score_driver,127,0.1785924184978981,0.06452358245269496,-0.11406883604520315,-0.15380967459965914,-0.07251620074470141,-0.37373636353484957,-0.4525900878166253,-0.2960845021668377,-0.25130150393893624,0.25740051308195194,0.2623137835306079,0.14960629921259844,0.5748031496062992,-0.1056705649666036,-0.2885881597831532,-0.11406883604520315
