comparison_dataset,variant_index,algorithm_display,algorithm_variant,window_size,window_stride,roc_auc,average_precision,evaluation_precision,evaluation_recall,evaluation_f1,range_f1,runtime_seconds
158_UCR_Anomaly_TkeepForthMARS_3500_5988_6085,1,OCSVM | Baseline,Baseline,98,1,0.8577199657739991,0.47332646416440904,0.5217391304347826,0.5918367346938775,0.5545816733067729,0.5545816733067729,0.11843869998119771
158_UCR_Anomaly_TkeepForthMARS_3500_5988_6085,2,OCSVM | Nu 0.10,Nu 0.10,98,1,0.9011269092828924,0.43670591895183886,0.10105263157894737,0.5918367346938775,0.17262975134866992,0.17262975134866992,0.17758630000753328
158_UCR_Anomaly_TkeepForthMARS_3500_5988_6085,3,OCSVM | Warmup 0.20,Warmup 0.20,98,1,0.8805339620237034,0.47142160606659006,0.5106382978723404,0.5918367346938775,0.5482473414730209,0.5482473414730209,0.19179650000296533
