algorithm_display,algorithm_variant,param__kernel,param__nu,param__gamma,param__train_fraction,dataset_count,mean_roc_auc,mean_f1,mean_evaluation_f1,median_evaluation_f1,mean_range_f1,success_rate,mean_runtime_seconds
OCSVM | Gamma 0.1,Gamma 0.1,rbf,0.05,0.1,0.1,127,0.7202155499577695,0.2974447423340024,0.24316792752330918,0.1257486549588874,0.24316792752330918,0.0,0.320954819684014
OCSVM | Train frac 0.20,Train frac 0.20,rbf,0.05,scale,0.2,127,0.7407221150294784,0.2719161492425824,0.18542595631454648,0.0789946140035906,0.18542595631454648,0.0,0.5475879740130384
OCSVM | Baseline,Baseline,rbf,0.05,scale,0.1,127,0.7456175261214327,0.26718289936978906,0.17859241849789811,0.0869191049913941,0.17859241849789811,0.0,0.33521472362230353
OCSVM | Nu 0.10,Nu 0.10,rbf,0.1,scale,0.1,127,0.7489105091574887,0.2590523267959185,0.17448704704227466,0.078003120124805,0.17448704704227466,0.0,0.48045870078879765
OCSVM | Kernel linear,Kernel linear,linear,0.05,scale,0.1,127,0.3718811625865832,0.052584063185382286,0.06452358245269496,0.0,0.06452358245269496,0.0,0.08391321968336725
