algorithm_display,algorithm_variant,length_bucket,dataset_count,mean_roc_auc,mean_f1,mean_evaluation_f1,mean_range_f1,mean_runtime_seconds
OCSVM | Gamma 0.1,Gamma 0.1,medium,84,0.7174639024510645,0.25876240871311973,0.23821345536150784,0.23821345536150784,0.12812992619139893
OCSVM | Train frac 0.20,Train frac 0.20,medium,84,0.7417668082674657,0.22298287411279025,0.21005878689619586,0.21005878689619586,0.15039799047579952
OCSVM | Baseline,Baseline,medium,84,0.7510874714510167,0.22097768382200372,0.20457770343118412,0.20457770343118412,0.10093627857194012
OCSVM | Nu 0.10,Nu 0.10,medium,84,0.7503606575969104,0.21842500288652442,0.19637008547004303,0.19637008547004303,0.13605264524015914
OCSVM | Kernel linear,Kernel linear,medium,84,0.3930422507143943,0.059204479905357266,0.0817213193336884,0.0817213193336884,0.02698540952198003
OCSVM | Gamma 0.1,Gamma 0.1,long,43,0.7255908613662164,0.37301023126781985,0.2528464312812467,0.2528464312812467,0.6976360069719132
OCSVM | Train frac 0.20,Train frac 0.20,long,43,0.7386813189366658,0.36750673321705996,0.137306008201557,0.137306008201557,1.3234939883648538
OCSVM | Nu 0.10,Nu 0.10,long,43,0.7460776610432697,0.3384173316421768,0.13173878592756433,0.13173878592756433,1.1532519255814868
OCSVM | Baseline,Baseline,long,43,0.7349320515241058,0.3574442506724395,0.1278304665351999,0.1278304665351999,0.7928749418602228
OCSVM | Kernel linear,Kernel linear,long,43,0.33054322298806854,0.039651156104500936,0.03092800342935893,0.03092800342935893,0.19512103488235621
