algorithm_display,algorithm_variant,anomaly_ratio_bucket,dataset_count,mean_roc_auc,mean_f1,mean_evaluation_f1,mean_range_f1,mean_runtime_seconds
OCSVM | Gamma 0.1,Gamma 0.1,sparse,93,0.7013679892268044,0.2533998240872441,0.19447537494567216,0.19447537494567216,0.30438727096677004
OCSVM | Train frac 0.20,Train frac 0.20,sparse,93,0.7578704397822431,0.24004821745256877,0.12767601574801357,0.12767601574801357,0.5600808860192086
OCSVM | Baseline,Baseline,sparse,93,0.7613260233926282,0.23088403123310489,0.12029343575159694,0.12029343575159694,0.33895860322731075
OCSVM | Nu 0.10,Nu 0.10,sparse,93,0.7661930400856104,0.22415656820633095,0.10953675747630709,0.10953675747630709,0.49153929354963444
OCSVM | Kernel linear,Kernel linear,sparse,93,0.39876390365302966,0.0501267239668901,0.049384374584964655,0.049384374584964655,0.08451065268606614
OCSVM | Gamma 0.1,Gamma 0.1,moderate,34,0.771769171957174,0.41792054812660623,0.37635638016213985,0.37635638016213985,0.3662719382341225
OCSVM | Nu 0.10,Nu 0.10,moderate,34,0.7016377039717443,0.3545024899968492,0.3521451920315389,0.3521451920315389,0.45015002059003834
OCSVM | Train frac 0.20,Train frac 0.20,moderate,34,0.6938164032057395,0.35908431560938425,0.34338902904065116,0.34338902904065116,0.5134161852902788
OCSVM | Baseline,Baseline,moderate,34,0.7026501659384566,0.3664709798613076,0.33805728306866306,0.33805728306866306,0.3249741117615485
OCSVM | Kernel linear,Kernel linear,moderate,34,0.2983489590813032,0.05930560869478736,0.10593376867913372,0.10593376867913372,0.08227906470539674
