algorithm_display,algorithm_variant,length_bucket,dataset_count,mean_roc_auc,mean_f1,mean_evaluation_f1,mean_range_f1,mean_runtime_seconds
OCSVM | Warmup 0.20,Warmup 0.20,medium,84,0.7417668082674658,0.22298287411279025,0.21005878689619586,0.21005878689619586,0.1706108261922574
OCSVM | Baseline,Baseline,medium,84,0.7510874714510167,0.22097768382200372,0.20457770343118412,0.20457770343118412,0.1118024845255561
OCSVM | Nu 0.10,Nu 0.10,medium,84,0.7503606575969104,0.21842500288652442,0.1963700854700431,0.1963700854700431,0.1489062142853592
OCSVM | Warmup 0.20,Warmup 0.20,long,66,0.7554696025843246,0.31110508387345975,0.10774730224172072,0.10774730224172072,2.0433616803017105
OCSVM | Baseline,Baseline,long,66,0.7607871543818543,0.3045514055620474,0.09781156366307499,0.09781156366307499,1.1420845545468514
OCSVM | Nu 0.10,Nu 0.10,long,66,0.7714227078256837,0.2865282955711637,0.09583303356254606,0.09583303356254606,1.808190245452076
