algorithm_display,algorithm_variant,param__nu,param__train_fraction,dataset_count,mean_roc_auc,mean_f1,mean_evaluation_f1,median_evaluation_f1,mean_range_f1,success_rate,mean_runtime_seconds
OCSVM | Warmup 0.20,Warmup 0.20,0.05,0.2,150,0.7477960377668836,0.26175664640748486,0.1650417336482268,0.07053965489927902,0.1650417336482268,1.0,0.9946212020004168
OCSVM | Baseline,Baseline,0.05,0.1,150,0.7553553319405854,0.257750121387623,0.1576006019332161,0.060955359901143036,0.1576006019332161,1.0,0.565126595334926
OCSVM | Nu 0.10,Nu 0.10,0.09999999999999999,0.1,150,0.7596279596975707,0.24839045166776572,0.1521337826307444,0.054256799333494046,0.1521337826307444,1.0,0.8789911879987146
