comparison_dataset,variant_index,algorithm_display,algorithm_variant,window_size,window_stride,roc_auc,average_precision,evaluation_precision,evaluation_recall,evaluation_f1,range_f1,runtime_seconds
153_UCR_Anomaly_PowerDemand2_14000_23357_23717,1,OCSVM | Baseline,Baseline,168,1,0.9271759485216076,0.7956700940076876,1.0,0.4958448753462604,0.6629629629629631,0.6629629629629631,0.9457396999932826
153_UCR_Anomaly_PowerDemand2_14000_23357_23717,2,OCSVM | Kernel linear,Kernel linear,168,1,0.1798464978636542,0.0075024998915633,0.0,0.0,0.0,0.0,0.2370292000123299
153_UCR_Anomaly_PowerDemand2_14000_23357_23717,3,OCSVM | Nu 0.10,Nu 0.10,168,1,0.9076631159266194,0.7928580383162607,1.0,0.7783933518005541,0.8753894080996886,0.8753894080996886,1.414476800011471
153_UCR_Anomaly_PowerDemand2_14000_23357_23717,4,OCSVM | Gamma 0.1,Gamma 0.1,168,1,0.9414549446967008,0.7994099658234949,1.0,0.8182825484764542,0.9000609384521633,0.9000609384521633,1.2470251999911852
153_UCR_Anomaly_PowerDemand2_14000_23357_23717,5,OCSVM | Train frac 0.20,Train frac 0.20,168,1,0.9117760851053466,0.7934822535357409,1.0,0.7850415512465374,0.8795779019242707,0.8795779019242707,1.6256761999684386
