algorithm_display,algorithm_variant,ablation_parameter,ablation_label,ablation_role,dataset_count,mean_baseline_evaluation_f1,mean_variant_evaluation_f1,mean_delta_evaluation_f1,delta_evaluation_f1_ci_low,delta_evaluation_f1_ci_high,mean_delta_roc_auc,delta_roc_auc_ci_low,delta_roc_auc_ci_high,mean_delta_runtime_seconds,median_runtime_ratio,mean_runtime_ratio,win_rate_evaluation_f1,loss_rate_evaluation_f1,mean_delta_evaluation_precision,mean_delta_evaluation_recall,mean_delta_range_f1
PCA | Weighted off,Weighted off,weighted,Weighted off,score_driver,127,0.08859461251364238,0.08971827427969155,0.0011236617660491481,-0.0010813104711959703,0.0038230083718164,0.00028935584933519184,-0.00044953150009112837,0.001186641980072116,-0.00024654881801368443,0.9975933136396234,0.9920779224875035,0.05511811023622047,0.047244094488188976,0.0011114093183986953,0.0009051063250530311,0.0011236617660491481
PCA | Standardize off,Standardize off,standardization,Standardize off,score_driver,127,0.08859461251364238,0.08861563862807162,2.1026114429231395e-05,-0.00022368926583400523,0.00025901715512090533,-0.0006067727635221493,-0.0015184884014404947,0.00012622336846261053,-0.018393879522584144,0.8649263386814376,0.8174676164117561,0.06299212598425197,0.023622047244094488,1.3249090403350934e-05,2.9516063722937022e-05,2.1026114429231395e-05
PCA | Whiten on,Whiten on,whiten,Whiten on,score_driver,127,0.08859461251364238,0.08859461251364238,0.0,0.0,0.0,0.0,0.0,0.0,-0.0006256275581137271,1.000992827851105,1.010665214760307,0.0,0.0,0.0,0.0,0.0
PCA | Components 0.95,Components 0.95,n_components,Components 0.95,score_driver,127,0.08859461251364238,0.08820604511230835,-0.0003885674013340251,-0.0037585977298368336,0.002880550346018547,-0.0030692510129613397,-0.007805698628096989,0.0016613361756392959,-0.10901553858109149,0.3755783713647755,0.4442678798654021,0.08661417322834646,0.11023622047244094,-0.00030135981440867473,-0.00047486264090946634,-0.0003885674013340251
PCA | Score comps 2,Score comps 2,n_selected_components,Score comps 2,score_driver,127,0.08859461251364238,0.08792826261888674,-0.0006663498947556473,-0.0021415189041420657,2.6619500989058812e-05,-1.5986453300406535e-05,-4.940420027448226e-05,2.698714190778305e-05,-0.12150503700717323,0.3074741511570892,0.39037087631625667,0.015748031496062992,0.03937007874015748,-0.0005457311326209315,0.0,-0.0006663498947556473
