algorithm_display,algorithm_variant,param__alpha,param__init_length,param__batch_size,param__subsequence_multiplier,dataset_count,mean_roc_auc,mean_f1,mean_evaluation_f1,median_evaluation_f1,mean_range_f1,success_rate,mean_runtime_seconds
SAND | Init 3000,Init 3000,0.5,3000.0,2000.0,4.0,127,0.9461105186277168,0.3114985212092761,0.2700443134935122,0.1799352750809061,0.2700443134935122,0.0,9.486567704723168
SAND | Subseq x2,Subseq x2,0.5,5000.0,2000.0,2.0,127,0.9402770390300421,0.32306549916163796,0.26905443524002803,0.1788617886178861,0.26905443524002803,0.0,6.783637111022056
SAND | Alpha 0.7,Alpha 0.7,0.7,5000.0,2000.0,4.0,127,0.9361891651636792,0.3073163859256497,0.26815475414832884,0.1779359430604982,0.26815475414832884,0.0,9.351091129919807
SAND | Overlap 64,Overlap 64,0.5,5000.0,2000.0,4.0,127,0.9466048065051357,0.3075923063650864,0.2649262894403785,0.1779359430604982,0.2649262894403785,0.0,16.80609160550988
SAND | k = 3,k = 3,0.5,5000.0,2000.0,4.0,127,0.9425890058268768,0.3125329711216437,0.26360939942621925,0.170591108939912,0.26360939942621925,0.0,6.6868560354328
SAND | Baseline,Baseline,0.5,5000.0,2000.0,4.0,127,0.942093483661135,0.30516204351486376,0.2580370602022836,0.1713742272943414,0.2580370602022836,0.0,9.98540167086831
SAND | Batch 1000,Batch 1000,0.5,5000.0,1000.0,4.0,127,0.9287123161701196,0.24097550037026305,0.2173839044758688,0.1136120042872454,0.2173839044758688,0.0,12.346754462990312
