algorithm_display,algorithm_variant,ablation_parameter,ablation_label,ablation_role,dataset_count,mean_baseline_evaluation_f1,mean_variant_evaluation_f1,mean_delta_evaluation_f1,delta_evaluation_f1_ci_low,delta_evaluation_f1_ci_high,mean_delta_roc_auc,delta_roc_auc_ci_low,delta_roc_auc_ci_high,mean_delta_runtime_seconds,median_runtime_ratio,mean_runtime_ratio,win_rate_evaluation_f1,loss_rate_evaluation_f1,mean_delta_evaluation_precision,mean_delta_evaluation_recall,mean_delta_range_f1
DAMP | x_lag x8,x_lag x8,x_lag_multiplier,x_lag x8,score_driver,90,0.1939489492126264,0.19819164935135392,0.0042427001387275115,-0.00614300670666697,0.015723279423478963,-0.0011045189276236835,-0.005923607658233972,0.0034571395850801524,-0.46230460888796693,0.9919890381735608,0.9859143958067258,0.16666666666666666,0.14444444444444443,0.0020214199591134766,0.0012841761258651576,0.0042427001387275115
DAMP | Start x2,Start x2,start_index_multiplier,Start x2,score_driver,90,0.1939489492126264,0.19259145966283495,-0.0013574895497914512,-0.008563607921271778,0.006618659884290759,0.0068574052705056895,-0.010491412632571343,0.0266797709417289,0.4239953322213194,1.016254980609061,1.1028658632422141,0.1,0.24444444444444444,0.0014879037068683855,-0.004835386765577127,-0.0013574895497914512
