algorithm_display,algorithm_variant,algorithm_run_id,evaluation_mode,runs,success_rate,mean_roc_auc,mean_average_precision,mean_f1,mean_evaluation_f1,mean_range_f1,mean_affiliation_precision,mean_affiliation_recall,median_f1,median_evaluation_f1,mean_runtime_seconds
DAMP | x_lag x8,x_lag x8,damp__tab_03,range,90,0.0,0.8665242832440648,0.23036038172135645,0.23650425687717025,0.19819164935135392,0.19819164935135392,0.8185187441645112,0.7416415599216879,0.14976382328424553,0.10541032887782714,6.6829001433338915
DAMP | Baseline,Baseline,damp__tab_01,range,90,0.0,0.8676288021716884,0.2432250190378914,0.23235729191486096,0.1939489492126264,0.1939489492126264,0.8205955037324616,0.7174926259042576,0.13294997124784355,0.08716516159367174,7.145204752221859
DAMP | Start x2,Start x2,damp__tab_02,range,90,0.0,0.8744862074421942,0.2442665617085835,0.22836357753284053,0.19259145966283495,0.19259145966283495,0.8273832423650938,0.7034116741107872,0.1511540592109312,0.07748538428023449,7.569200084443178
