algorithm_display,algorithm_variant,param__start_index_multiplier,dataset_count,mean_roc_auc,mean_f1,mean_evaluation_f1,median_evaluation_f1,mean_range_f1,success_rate,mean_runtime_seconds
DAMP | x_lag x8,x_lag x8,1.0,90,0.8665242832440648,0.23650425687717025,0.19819164935135392,0.10541032887782714,0.19819164935135392,0.0,6.6829001433338915
DAMP | Baseline,Baseline,1.0,90,0.8676288021716884,0.23235729191486096,0.1939489492126264,0.08716516159367174,0.1939489492126264,0.0,7.145204752221859
DAMP | Start x2,Start x2,2.0,90,0.8744862074421942,0.22836357753284053,0.19259145966283495,0.07748538428023449,0.19259145966283495,0.0,7.569200084443178
