algorithm_display,algorithm_variant,ablation_parameter,ablation_label,ablation_role,dataset_count,mean_baseline_evaluation_f1,mean_variant_evaluation_f1,mean_delta_evaluation_f1,delta_evaluation_f1_ci_low,delta_evaluation_f1_ci_high,mean_delta_roc_auc,delta_roc_auc_ci_low,delta_roc_auc_ci_high,mean_delta_runtime_seconds,median_runtime_ratio,mean_runtime_ratio,win_rate_evaluation_f1,loss_rate_evaluation_f1,mean_delta_evaluation_precision,mean_delta_evaluation_recall,mean_delta_range_f1
HBOS | Bins 20,Bins 20,n_bins,Bins 20,score_driver,90,0.09521916148909979,0.10007723074482221,0.004858069255722416,-0.008638496615308983,0.019439792543102342,-0.00486637190159698,-0.029996316511362805,0.016302146216944927,-0.0022280888922978194,0.9995651495094133,0.9973996041817406,0.1111111111111111,0.14444444444444443,-0.0023703097920689795,0.020943048503228208,0.004858069255722416
HBOS | Tol 0.2,Tol 0.2,tol,Tol 0.2,score_driver,90,0.09521916148909979,0.09521916148909979,0.0,0.0,0.0,0.0,0.0,0.0,-0.002903884447166807,0.9967117206462425,0.9932526927898021,0.0,0.0,0.0,0.0,0.0
HBOS | Alpha 0.05,Alpha 0.05,alpha,Alpha 0.05,score_driver,90,0.09521916148909979,0.09441203247836387,-0.0008071290107359246,-0.004760063418067166,0.00303787915665314,-0.0015078069186673887,-0.004251758693515435,0.0010497764446987107,-0.003982872222938275,0.996107896754864,0.9974273019693534,0.12222222222222222,0.1,-0.007773259542088382,0.005559924107534041,-0.0008071290107359246
