comparison_dataset,variant_index,algorithm_display,algorithm_variant,window_size,window_stride,roc_auc,average_precision,evaluation_precision,evaluation_recall,evaluation_f1,range_f1,runtime_seconds
141_UCR_Anomaly_InternalBleeding5_4000_6200_6370,1,Isolation Forest | Baseline,Baseline,173,1,0.9068299314455844,0.7203812234952915,1.0,0.7146198830409356,0.8335607094133697,0.8335607094133697,0.3871723000193015
141_UCR_Anomaly_InternalBleeding5_4000_6200_6370,2,Isolation Forest | Trees 400,Trees 400,173,1,0.9168442687798088,0.7316507518458382,0.9734513274336284,0.7146198830409356,0.8241923319823657,0.8241923319823657,0.7495366999937687
141_UCR_Anomaly_InternalBleeding5_4000_6200_6370,3,Isolation Forest | Max samples auto,Max samples auto,173,1,0.9068299314455844,0.7203812234952915,1.0,0.7146198830409356,0.8335607094133697,0.8335607094133697,0.3843627999885939
141_UCR_Anomaly_InternalBleeding5_4000_6200_6370,4,Isolation Forest | Max feat 0.6,Max feat 0.6,173,1,0.9151788453279344,0.7103437336687565,0.6,0.3621832358674464,0.4517017828200972,0.4517017828200972,1.1552865999983624
141_UCR_Anomaly_InternalBleeding5_4000_6200_6370,5,Isolation Forest | Bootstrap on,Bootstrap on,173,1,0.8842470154772168,0.7084663077760552,0.25,0.7146198830409356,0.3704152773567747,0.3704152773567747,0.3636297000048216
141_UCR_Anomaly_InternalBleeding5_4000_6200_6370,6,Isolation Forest | Seed 7,Seed 7,173,1,0.9198853013262034,0.7228682779592918,0.3304843304843305,0.7426900584795322,0.4574231909707668,0.4574231909707668,0.386655200010864
