algorithm_display,algorithm_variant,param__n_estimators,param__max_samples,param__max_features,param__bootstrap,param__random_state,dataset_count,mean_roc_auc,mean_f1,mean_evaluation_f1,median_evaluation_f1,mean_range_f1,success_rate,mean_runtime_seconds
Isolation Forest | Trees 400,Trees 400,400.0,256,1.0,False,42.0,91,0.7201075640887203,0.17182595052947677,0.15313429640083065,0.0,0.15313429640083065,0.0,0.9575225241737476
Isolation Forest | Seed 7,Seed 7,200.0,256,1.0,False,7.0,91,0.7325584459650593,0.17016855128880373,0.15162408245671577,0.0,0.15162408245671577,0.0,0.4923660802180945
Isolation Forest | Max feat 0.6,Max feat 0.6,200.0,256,0.6,False,42.0,91,0.7201826540419493,0.17097307377353627,0.151483298675296,0.0,0.151483298675296,0.0,1.9174414582427075
Isolation Forest | Max samples auto,Max samples auto,200.0,auto,1.0,False,42.0,91,0.715104297088987,0.16910344451579176,0.14334595515524742,0.0,0.14334595515524742,0.0,0.49557663626478893
Isolation Forest | Baseline,Baseline,200.0,256,1.0,False,42.0,91,0.715104297088987,0.16910344451579176,0.14334595515524742,0.0,0.14334595515524742,0.0,0.5048801626378138
Isolation Forest | Bootstrap on,Bootstrap on,200.0,256,1.0,True,42.0,91,0.7187161615689909,0.17050653274726954,0.14208662140574846,0.0,0.14208662140574846,0.0,0.4581821054951953
