algorithm_display,algorithm_variant,ablation_parameter,ablation_label,ablation_role,dataset_count,mean_baseline_evaluation_f1,mean_variant_evaluation_f1,mean_delta_evaluation_f1,delta_evaluation_f1_ci_low,delta_evaluation_f1_ci_high,mean_delta_roc_auc,delta_roc_auc_ci_low,delta_roc_auc_ci_high,mean_delta_runtime_seconds,median_runtime_ratio,mean_runtime_ratio,win_rate_evaluation_f1,loss_rate_evaluation_f1,mean_delta_evaluation_precision,mean_delta_evaluation_recall,mean_delta_range_f1
Local Outlier Factor | Leaf size 60,Leaf size 60,leaf_size,Leaf size 60,backend,91,0.160521791881265,0.160521791881265,0.0,0.0,0.0,0.0,0.0,0.0,-0.029787759343609936,0.9966206170525659,0.9886274656766977,0.0,0.0,0.0,0.0,0.0
Local Outlier Factor | Search brute,Search brute,algorithm,Search brute,backend,91,0.160521791881265,0.160521791881265,0.0,0.0,0.0,0.0,0.0,0.0,-0.027896339561186402,0.999834823784904,1.0018495824891602,0.0,0.0,0.0,0.0,0.0
Local Outlier Factor | Metric manhattan,Metric manhattan,metric,Metric manhattan,score_driver,91,0.160521791881265,0.15442033294300103,-0.0061014589382639775,-0.02705835153257665,0.010153151295830092,0.004533928278595051,-0.005527853057168748,0.015173713142089408,3.0726836780217286,10.24010929169155,9.246044226463852,0.4725274725274725,0.34065934065934067,0.003924855823507829,-0.04631726303479538,-0.0061014589382639775
Local Outlier Factor | p = 1,p = 1,p,p = 1,score_driver,91,0.160521791881265,0.15442033294300103,-0.0061014589382639775,-0.02705835153257665,0.010153151295830092,0.004533928278595051,-0.005527853057168748,0.015173713142089408,3.0995796439544923,10.445376681819269,9.3236269359067,0.4725274725274725,0.34065934065934067,0.003924855823507829,-0.04631726303479538,-0.0061014589382639775
Local Outlier Factor | Neighbors 10,Neighbors 10,n_neighbors,Neighbors 10,score_driver,91,0.160521791881265,0.1125270180019613,-0.04799477387930372,-0.07516166405056808,-0.023070292729921338,-0.07182059932274289,-0.1115851453882175,-0.038331241107070174,-0.037970679120997296,0.9612515711006107,0.9623496979215166,0.31868131868131866,0.5274725274725275,-0.053851328166864804,-0.057628491994073154,-0.04799477387930372
