comparison_dataset,variant_index,algorithm_display,algorithm_variant,window_size,window_stride,roc_auc,average_precision,evaluation_precision,evaluation_recall,evaluation_f1,range_f1,runtime_seconds
137_UCR_Anomaly_InternalBleeding18_2300_4485_4587,1,Local Outlier Factor | Baseline,Baseline,183,1,0.9990615455491664,0.9337501554225854,0.8319327731092437,0.9689320388349516,0.8952213544026242,0.8952213544026242,0.1256233000021893
137_UCR_Anomaly_InternalBleeding18_2300_4485_4587,2,Local Outlier Factor | Neighbors 10,Neighbors 10,183,1,0.9982333430897596,0.8762092450019386,0.6688311688311688,1.0,0.801556420233463,0.801556420233463,0.1156209000037051
137_UCR_Anomaly_InternalBleeding18_2300_4485_4587,3,Local Outlier Factor | Search brute,Search brute,183,1,0.9990615455491664,0.9337501554225854,0.8319327731092437,0.9689320388349516,0.8952213544026242,0.8952213544026242,0.1227499000087846
137_UCR_Anomaly_InternalBleeding18_2300_4485_4587,4,Local Outlier Factor | Leaf size 60,Leaf size 60,183,1,0.9990615455491664,0.9337501554225854,0.8319327731092437,0.9689320388349516,0.8952213544026242,0.8952213544026242,0.1258101999992504
137_UCR_Anomaly_InternalBleeding18_2300_4485_4587,5,Local Outlier Factor | Metric manhattan,Metric manhattan,183,1,0.9947131545063532,0.8330492713687364,0.2075,0.8446601941747574,0.33315647419779,0.33315647419779,1.591731599997729
137_UCR_Anomaly_InternalBleeding18_2300_4485_4587,6,Local Outlier Factor | p = 1,p = 1,183,1,0.9947131545063532,0.8330492713687364,0.2075,0.8446601941747574,0.33315647419779,0.33315647419779,1.706156700005522
