algorithm_display,algorithm_variant,algorithm_run_id,evaluation_mode,runs,success_rate,mean_roc_auc,mean_average_precision,mean_f1,mean_evaluation_f1,mean_range_f1,mean_affiliation_precision,mean_affiliation_recall,median_f1,median_evaluation_f1,mean_runtime_seconds
Matrix Profile | Subseq x1,Subseq x1,matrix_profile__tab_02,range,90,0.0,0.9295051569163251,0.3512119572838564,0.3438191434984803,0.27491259064189266,0.27491259064189266,0.7879996754899685,0.9706441294718161,0.30074096707661746,0.19108819525048115,0.12661422111300955
Matrix Profile | Baseline,Baseline,matrix_profile__tab_01,range,90,0.0,0.9356182777957115,0.38588508321034115,0.30159189281572424,0.2609568174711391,0.2609568174711391,0.8184160010887946,0.8882680828608932,0.2175010175010175,0.1863277532053076,0.1392374722212682
Matrix Profile | Subseq x4,Subseq x4,matrix_profile__tab_03,range,90,0.0,0.9139702111149256,0.285436740304699,0.2423612158314325,0.2016575488477619,0.2016575488477619,0.818941249415773,0.7917520022065859,0.134819897084048,0.10590466903838675,0.1420016999990265
