comparison_dataset,variant_index,algorithm_display,algorithm_variant,window_size,window_stride,roc_auc,average_precision,evaluation_precision,evaluation_recall,evaluation_f1,range_f1,runtime_seconds
143_UCR_Anomaly_InternalBleeding8_2500_5865_5974,1,Matrix Profile | Baseline,Baseline,165,1,0.9971033566622796,0.6849220696219247,0.5,0.2872727272727273,0.3648960739030022,0.3648960739030022,0.0656242999830283
143_UCR_Anomaly_InternalBleeding8_2500_5865_5974,2,Matrix Profile | Subseq x1,Subseq x1,165,1,0.9936679745636584,0.4867705964336287,0.6190476190476191,0.9563636363636364,0.7515937568696417,0.7515937568696417,0.0635991000162903
143_UCR_Anomaly_InternalBleeding8_2500_5865_5974,3,Matrix Profile | Subseq x4,Subseq x4,165,1,0.771462835635478,0.0310172439258411,0.0,0.0,0.0,0.0,0.0664485000015702
