algorithm_display,algorithm_variant,ablation_parameter,ablation_label,ablation_role,dataset_count,mean_baseline_evaluation_f1,mean_variant_evaluation_f1,mean_delta_evaluation_f1,delta_evaluation_f1_ci_low,delta_evaluation_f1_ci_high,mean_delta_roc_auc,delta_roc_auc_ci_low,delta_roc_auc_ci_high,mean_delta_runtime_seconds,median_runtime_ratio,mean_runtime_ratio,win_rate_evaluation_f1,loss_rate_evaluation_f1,mean_delta_evaluation_precision,mean_delta_evaluation_recall,mean_delta_range_f1
Matrix Profile | Subseq x1,Subseq x1,subsequence_multiplier,Subseq x1,score_driver,90,0.2609568174711391,0.27491259064189266,0.013955773170753598,-0.02050212274627193,0.04922400560226729,-0.006113120879386364,-0.02544543810669002,0.018285882385664535,-0.012623251108258663,0.9260556029668716,0.9380423911026282,0.45555555555555555,0.4,0.020351765207704067,0.017390699728328442,0.013955773170753598
Matrix Profile | Subseq x4,Subseq x4,subsequence_multiplier,Subseq x4,score_driver,90,0.2609568174711391,0.2016575488477619,-0.059299268623377165,-0.09495168919381569,-0.02391691559016527,-0.02164806668078579,-0.047725640219788,0.0010675932385387716,0.002764227777758296,0.9816287584092411,0.9855164241609639,0.24444444444444444,0.5333333333333333,-0.060849024834957355,-0.06576204866919647,-0.059299268623377165
