algorithm_display,algorithm_variant,length_bucket,dataset_count,mean_roc_auc,mean_f1,mean_evaluation_f1,mean_range_f1,mean_runtime_seconds
Matrix Profile | Subseq x1,Subseq x1,medium,84,0.9533003580760813,0.3612924494633508,0.29180168060696293,0.29180168060696293,0.08161252619244065
Matrix Profile | Baseline,Baseline,medium,84,0.951042981903675,0.313814996049589,0.27596426351849124,0.27596426351849124,0.08862695952259288
Matrix Profile | Subseq x4,Subseq x4,medium,84,0.915280060019662,0.24539147289472657,0.20156824286943273,0.20156824286943273,0.08558576190400687
Matrix Profile | Subseq x4,Subseq x4,long,6,0.8956323264486156,0.1999376169453154,0.20290783254437061,0.20290783254437061,0.9318248333293013
Matrix Profile | Baseline,Baseline,long,6,0.7196724202842204,0.13046844754161827,0.050852572808208846,0.050852572808208846,0.8477846500027226
Matrix Profile | Subseq x1,Subseq x1,long,6,0.5963723406797367,0.09919285999029397,0.038465331130909435,0.038465331130909435,0.756637950000974
