algorithm_display,algorithm_variant,param__kernel,param__nu,param__gamma,param__train_fraction,dataset_count,mean_roc_auc,mean_f1,mean_evaluation_f1,median_evaluation_f1,mean_range_f1,success_rate,mean_runtime_seconds
OCSVM | Gamma 0.1,Gamma 0.1,rbf,0.05,0.1,0.1,90,0.7209885387996274,0.2663670929261667,0.24068069401344014,0.23346803245309022,0.24068069401344014,0.0,0.18339519666721266
OCSVM | Train frac 0.20,Train frac 0.20,rbf,0.05,scale,0.2,90,0.7395195006035382,0.23317101709924262,0.2111154111254049,0.1079743988929251,0.2111154111254049,0.0,0.23786727111113978
OCSVM | Baseline,Baseline,rbf,0.05,scale,0.1,90,0.748248032262131,0.22719321892214464,0.2035760657060255,0.0975965446363409,0.2035760657060255,0.0,0.14955143666690368
OCSVM | Nu 0.10,Nu 0.10,rbf,0.1,scale,0.1,90,0.7468552728361901,0.22413954172232647,0.19679037213705722,0.10183389627223846,0.19679037213705722,0.0,0.20785911666850246
OCSVM | Kernel linear,Kernel linear,linear,0.05,scale,0.1,90,0.39354258942601306,0.056548052787752115,0.08135355964465439,0.0,0.08135355964465439,0.0,0.043325417775971146
