algorithm_display,algorithm_variant,length_bucket,dataset_count,mean_roc_auc,mean_f1,mean_evaluation_f1,mean_range_f1,mean_runtime_seconds
OCSVM | Gamma 0.1,Gamma 0.1,medium,84,0.7174639024510645,0.25876240871311973,0.23821345536150784,0.23821345536150784,0.12812992619139893
OCSVM | Train frac 0.20,Train frac 0.20,medium,84,0.7417668082674657,0.22298287411279025,0.21005878689619586,0.21005878689619586,0.15039799047579952
OCSVM | Baseline,Baseline,medium,84,0.7510874714510167,0.22097768382200372,0.20457770343118412,0.20457770343118412,0.10093627857194012
OCSVM | Nu 0.10,Nu 0.10,medium,84,0.7503606575969104,0.21842500288652442,0.19637008547004303,0.19637008547004303,0.13605264524015914
OCSVM | Kernel linear,Kernel linear,medium,84,0.3930422507143943,0.059204479905357266,0.0817213193336884,0.0817213193336884,0.02698540952198003
OCSVM | Gamma 0.1,Gamma 0.1,long,6,0.7703334476795076,0.3728326719088253,0.2752220351404924,0.2752220351404924,0.9571089833286047
OCSVM | Train frac 0.20,Train frac 0.20,long,6,0.7080571933085538,0.37580501890957585,0.22590815033433184,0.22590815033433184,1.4624372000059036
OCSVM | Nu 0.10,Nu 0.10,long,6,0.6977798861861052,0.30414308542355545,0.20267438547525563,0.20267438547525563,1.2131497166653087
OCSVM | Baseline,Baseline,long,6,0.7084958836177294,0.31421071032411735,0.189553137553805,0.189553137553805,0.8301636499963934
OCSVM | Kernel linear,Kernel linear,long,6,0.40054733138867643,0.019358073141279967,0.0762049239981783,0.0762049239981783,0.27208553333184676
