comparison_dataset,variant_index,algorithm_display,algorithm_variant,window_size,window_stride,roc_auc,average_precision,evaluation_precision,evaluation_recall,evaluation_f1,range_f1,runtime_seconds
139_UCR_Anomaly_InternalBleeding20_2700_5759_5919,1,OCSVM | Baseline,Baseline,183,1,0.9958927841473147,0.6646678457372314,0.8035714285714286,0.3639751552795031,0.501016472555241,0.501016472555241,0.0919193000008817
139_UCR_Anomaly_InternalBleeding20_2700_5759_5919,2,OCSVM | Kernel linear,Kernel linear,183,1,0.0659465004032739,0.0117168541750292,0.0,0.0,0.0,0.0,0.0275526999903377
139_UCR_Anomaly_InternalBleeding20_2700_5759_5919,3,OCSVM | Nu 0.10,Nu 0.10,183,1,0.9959004010734788,0.6653615230073651,0.8035714285714286,0.3639751552795031,0.501016472555241,0.501016472555241,0.1140322999854106
139_UCR_Anomaly_InternalBleeding20_2700_5759_5919,4,OCSVM | Gamma 0.1,Gamma 0.1,183,1,0.996144989035858,0.695845226819458,0.8253968253968254,0.9751552795031058,0.8940480753435909,0.8940480753435909,0.1133284000097774
139_UCR_Anomaly_InternalBleeding20_2700_5759_5919,5,OCSVM | Train frac 0.20,Train frac 0.20,183,1,0.9960535859218892,0.6827562014638827,0.8012048192771084,0.368944099378882,0.5052344804210608,0.5052344804210608,0.1317011000064667
