comparison_dataset,variant_index,algorithm_display,algorithm_variant,window_size,window_stride,roc_auc,average_precision,evaluation_precision,evaluation_recall,evaluation_f1,range_f1,runtime_seconds
175_UCR_Anomaly_insectEPG3_5200_7000_7050,1,PCA | Baseline,Baseline,26,1,0.9227986761206944,0.0412209692424226,0.0,0.0,0.0,0.0,0.012072999990778
175_UCR_Anomaly_insectEPG3_5200_7000_7050,2,PCA | Components 0.95,Components 0.95,26,1,0.9093312201727982,0.0397845863083353,0.1,0.2313725490196078,0.1396449704142011,0.1396449704142011,0.0092648999998345
175_UCR_Anomaly_insectEPG3_5200_7000_7050,3,PCA | Score comps 2,Score comps 2,26,1,0.922796704888852,0.0413672805012604,0.0,0.0,0.0,0.0,0.0090446000103838
175_UCR_Anomaly_insectEPG3_5200_7000_7050,4,PCA | Whiten on,Whiten on,26,1,0.9227986761206944,0.0412209692424226,0.0,0.0,0.0,0.0,0.012328000011621
175_UCR_Anomaly_insectEPG3_5200_7000_7050,5,PCA | Weighted off,Weighted off,26,1,0.9171175859506364,0.0401460357401901,0.1111111111111111,0.2313725490196078,0.1501272264631043,0.1501272264631043,0.0123058999888598
175_UCR_Anomaly_insectEPG3_5200_7000_7050,6,PCA | Standardize off,Standardize off,26,1,0.9231791238662952,0.0412142174003509,0.0,0.0,0.0,0.0,0.0083009999943897
