algorithm_display,algorithm_variant,param__whiten,param__weighted,param__standardization,dataset_count,mean_roc_auc,mean_f1,mean_evaluation_f1,median_evaluation_f1,mean_range_f1,success_rate,mean_runtime_seconds
PCA | Weighted off,Weighted off,False,False,True,90,0.5708813063920537,0.08853281353930094,0.10271350806939426,0.0,0.10271350806939426,0.0,0.11695320555558683
PCA | Standardize off,Standardize off,False,True,False,90,0.5696177007824927,0.08853914786346062,0.10117505689300042,0.0,0.10117505689300042,0.0,0.10348255000264742
PCA | Whiten on,Whiten on,True,True,True,90,0.5705499901180024,0.08838968935247946,0.10113403543135434,0.0,0.10113403543135434,0.0,0.11499543000277801
PCA | Baseline,Baseline,False,True,True,90,0.5705499901180024,0.08838968935247946,0.10113403543135434,0.0,0.10113403543135434,0.0,0.11807837111183386
PCA | Score comps 2,Score comps 2,False,True,True,90,0.5705351201760586,0.08839470792118366,0.10087142405599425,0.0,0.10087142405599425,0.0,0.027310165555940683
PCA | Components 0.95,Components 0.95,False,True,True,90,0.5661092853790151,0.08759315481236617,0.10004465252598449,0.0,0.10004465252598449,0.0,0.03146748666703283
