comparison_dataset,variant_index,algorithm_display,algorithm_variant,window_size,window_stride,roc_auc,average_precision,evaluation_precision,evaluation_recall,evaluation_f1,range_f1,runtime_seconds
054_UCR_Anomaly_DISTORTEDWalkingAceleration5_2700_5920_5979,1,SAND | Baseline,Baseline,115,1,0.9998590982286634,0.9873664660606584,0.0,0.0,0.0,0.0,33.894178600021405
054_UCR_Anomaly_DISTORTEDWalkingAceleration5_2700_5920_5979,2,SAND | Alpha 0.7,Alpha 0.7,115,1,0.9894273349436392,0.2870610138696675,0.0,0.0,0.0,0.0,3.1085360000142828
054_UCR_Anomaly_DISTORTEDWalkingAceleration5_2700_5920_5979,3,SAND | Init 3000,Init 3000,115,1,0.9999723228663446,0.997016572182217,0.0,0.0,0.0,0.0,3.493859500013059
054_UCR_Anomaly_DISTORTEDWalkingAceleration5_2700_5920_5979,4,SAND | Batch 1000,Batch 1000,115,1,0.9982538244766506,0.8177450378919519,0.0,0.0,0.0,0.0,1.6136752000020351
054_UCR_Anomaly_DISTORTEDWalkingAceleration5_2700_5920_5979,5,SAND | k = 3,k = 3,115,1,0.9986865942028984,0.8917123887574888,0.0,0.0,0.0,0.0,1.8008369999879503
054_UCR_Anomaly_DISTORTEDWalkingAceleration5_2700_5920_5979,6,SAND | Subseq x2,Subseq x2,115,1,0.9995118760064412,0.959396010386178,1.0,0.7333333333333334,0.8461538461538461,0.8461538461538461,0.8476104000001214
054_UCR_Anomaly_DISTORTEDWalkingAceleration5_2700_5920_5979,7,SAND | Overlap 64,Overlap 64,115,1,0.99993961352657,0.9934150124899072,0.0,0.0,0.0,0.0,6.0018897999834735
